17-AAG,AEW541,AZD0530,AZD6244,Erlotinib,Irinotecan,L-685458,Lapatinib,Nilotinib,Nutlin-3,PD-0325901,PD-0332991,PF2341066,PHA-665752,PLX4720,Paclitaxel,Panobinostat,RAF265,Sorafenib,TAE684,TKI258,Topotecan,ZD-6474
3.0622,1.6723,0.6198,2.8096,0.245,4.389,0.08479,0.5246,0.1278,0.7904,2.8355,0.6272,0.8545,0.9168,0.9326,5.7297,5.0999,0.8884,0.8047,1.3712,0.8447,3.8462,0.4765
3.535,0.9948,0.8491,0.5872,1.92,3.3621,0.1657,1.089,0.5269,0,0.9413,0,0.1933,0,0.5155,7.0226,3.6088,1.6212,0.7932,1.1746,0.6844,3.4983,0.8562
3.782,1.5436,1.2147,1.1495,0.2919,4.5677,0.3791,0.1402,0.5869,0.2235,2.221,0.7454,0.9721,0.3701,0.07659,5.5687,4.0279,1.2339,0.4203,1.3417,1.3518,4.4574,1.7839
3.6605,1.7665,1.8525,2.5412,1.6441,5.5188,3.6396,1.5649,2.1147,2.772,2.5862,2.4569,2.0731,1.8775,1.5218,7.7957,5.983,3.4219,1.8187,3.2246,2.6279,5.3689,2.0536
2.9596,1.4376,2.1677,0.6281,1.8863,1.8827,0.06305,1.5596,0.7575,0.7115,1.9489,0.9353,0.2945,0.669,0.338,4.0875,3.5201,2.1399,0.1058,0.7222,0.9248,3.1708,1.2662
3.522,1.2929,1.1074,2.4031,0.4567,2.8908,0.5398,0.5409,0.9183,0.952,3.4454,1.4771,0.9068,0.6963,2.0835,5.3468,4.7205,2.2858,0.6724,1.5978,0.8724,4.0707,1.4867
3.6759,0.3189,0.05208,1.5453,0.07583,3.8186,0.408,0.2543,0.6024,0.01872,2.7382,0.08833,0.2865,0,0.403,5.4703,4.2886,1.9139,0.4669,0.6554,0.661,3.8954,0.2085
2.4662,0.3615,0.2508,0.2375,0.08293,2.5153,0.03331,0,0,0.2102,0.5436,0,0.4959,0.08666,0.01494,4.6157,4.0075,1.3704,0.2818,1.4006,1.1598,2.649,1.0122
3.5747,0.5525,0.714,0.117,0.3697,2.8739,0.293,0.3485,1.727,0.364,0.5889,0.8348,0.5515,0.6474,0.05216,4.3533,3.6206,2.2706,2.0935,1.2913,2.2652,2.586,0.968
4.747,1.0006,0.793,1.8154,0,3.5949,0.06193,0.1202,0.02046,0.1101,2.4465,0,0.5221,0.2003,0.7129,7.1679,4.3673,0.9206,0.05127,0.8825,0.858,3.1484,1.3466
4.7559,0.6674,0.3709,2.5348,0.2241,4.4446,0.7732,0.6209,0.4157,0.9955,3.6018,0.6759,1.3639,0.03508,0.3847,6.5225,4.5095,2.0551,0.9908,1.9146,1.8416,4.6525,1.3352
3.5625,1.4484,0.9057,3.2996,0.2889,3.9345,0.02134,0.1527,0.521,0.4491,4.8148,0.1961,0.7175,0.4121,2.9645,6.0932,4.6373,2.2543,0.6118,1.8735,1.0899,3.2038,0.8069
2.9712,1.6406,0.4962,1.8637,0.4884,1.7063,0,0.6707,0.6661,0.4832,3.1106,0.2405,0.4691,0.08954,0,4.9753,3.6981,1.4266,0.6549,1.3264,1.2616,1.8717,0.4353
3.2142,1.8822,4.0457,1.2336,1.0818,5.8889,2.1997,1.1767,7.0051,1.5865,1.7295,0.7632,3.0952,1.7146,1.0265,6.7188,6.3121,2.4329,2.1035,2.8218,2.0343,6.526,3.0741
5.2887,2.8999,0.3323,1.6147,1.0362,3.7332,1.279,1.233,1.5625,1.1689,2.9921,0.6168,1.3265,1.0553,0.4187,6.5985,5.9291,1.805,0.9786,3.1165,1.5766,4.6146,1.295
3.4197,1.3966,0.6383,2.1312,0.2484,2.2418,0.1851,0.411,0.2155,0.02477,2.611,0,0.6001,0.2758,0.2848,4.0922,4.1905,1.5547,0.4228,1.4991,0.5118,1.5994,1.1518
3.6128,2.3462,2.1758,1.531,1.1176,4.4041,1.2846,1.5453,1.1455,1.3676,2.1609,0.9395,0.9735,0.308,0.6054,6.414,4.8869,2.1786,0.6914,2.4489,2.1487,4.0091,1.748
3.4746,1.3166,1.54,2.518,0.3177,3.9819,0.4889,0.3482,0.7336,0.7133,2.855,0.3853,0.6353,0.8851,1.2235,6.704,4.3878,2.1509,1.5503,1.6747,0.9213,3.6587,0.698
2.9811,0.3433,0.05539,0.05747,0.01175,4.7396,0,0.6501,0,0.001908,0,0.2911,0.8768,0,0.005313,7.1153,4.6797,0.8231,0,0.4967,1.0673,4.1211,0.468
3.5976,0.8428,2.0535,0.113,0.3595,4.8923,0.02918,0.3646,0.1648,0.1399,0.06714,1.1151,0.9159,0.4072,0.6149,6.5657,5.8478,1.2478,0.1112,0.6416,1.7212,4.5194,1.9715
1.0525,0.5273,1.181,0.01832,1.3084,2.4196,0.2981,0.6681,0.3956,0.2088,0.4673,0.1474,0.5166,0.4686,0,4.959,4.53,0.9371,0.4714,0.7985,0.1317,2.1888,0.8072
4.799,1.0007,0.8363,0.2601,0.2467,3.4086,0.1532,1.0001,0.641,0.2901,0.1503,0,0.533,0.1106,0.4886,5.817,3.7698,2.1067,0.5889,0.7964,1.0845,4.1961,0.9727
6.5863,0.8161,0,1.8523,0.286,2.0384,0.04038,0,0.1393,0,3.2117,0.07469,0.261,0.1914,1.2483,3.1892,2.4495,1.1826,0.3158,0.6679,0.3908,2.2885,0.4507
1.6136,1.1466,1.4118,1.2769,1.0932,0.5537,0.1271,0.7662,0.03836,0.1525,1.8386,0.1423,0,0,0.4033,4.8113,3.6886,1.5667,0.4486,0.729,0.9492,1.1215,1.2657
4.3291,1.2703,0.6972,0.149,0.6947,2.9043,0.7571,0.4327,0.5266,0.0222,0.1878,0.1654,0.8664,0.3361,0.359,5.5828,4.6055,1.7244,0.301,1.4006,1.7102,3.1338,0.305
3.6877,1.3703,1.7728,1.7048,2.0234,2.8611,0.09294,1.9052,0.07419,0.1528,2.3533,0.2048,0.2923,0.04997,0.2709,5.3918,4.751,2.3477,0.04859,0.9655,0.322,2.4477,1.7151
3.3698,0.1548,0.2008,1.6146,0.04256,1.8093,0.01624,0.3518,0.1917,0.3751,2.1985,0.04588,0.08662,0.195,0,4.1905,3.5222,1.5971,0.05791,0.8478,0.6033,1.9735,0.3933
3.1786,0.4276,0.1606,0.06316,0.003827,3.1566,0.5617,0.146,0.4371,0.07149,0.238,0.2178,0.1829,0.3651,0.07136,4.3906,5.0138,0.8191,0.1544,0.1146,0.494,1.0891,0.3685
3.905,1.657,1.7225,1.5237,0.399,1.5901,0,0.6047,0.7497,0.7347,3.115,0.3713,1.1095,0.1632,0.3741,3.4066,3.4812,0.8736,0,2.4551,0.2457,1.2993,1.9235
2.1995,0.6584,0.6927,0.103,0.08698,2.2248,0.01432,0.02975,0.207,0.01784,0.586,0.1407,0.6175,0,0.06697,4.0347,3.6763,0.7917,0.06255,1.0183,0.3645,1.728,0.2382
3.2799,0.8222,1.1383,0.7278,1.207,2.9906,0,2.0464,0.3245,0.28,0.8246,0.08206,0.1746,0.5543,0.3171,5.8572,5.1254,2.3918,0.6945,1.4133,1.0597,2.8476,1.3301
3.8812,0.6551,0.6352,0.5656,0.4621,4.4997,0.02719,0.07477,0.2173,0.7237,0.6039,1.0214,0.8737,0.8997,0.1793,6.7624,4.9845,1.6558,0.3438,1.1676,1.0475,4.9059,2.3858
2.7723,1.7816,0.6859,1.5946,1.1118,4.3505,1.6798,1.1025,1.8126,0.9275,1.7988,2.5923,2.1796,1.0465,0.8152,5.9152,6.2657,2.7366,1.0556,3.3446,2.3624,4.9621,0.4901
2.8034,2.0584,0.4243,0.02962,0.6266,2.9318,0.1274,0.5138,0.8088,0.0876,0.01305,0.846,0.7197,0.2699,0.2642,3.9828,4.3094,2.8689,0.7374,2.7318,1.1074,2.5752,0.8505
4.2419,1.0687,0.8386,1.8733,1.1618,1.9174,0.4075,1.1779,0.2982,0.827,3.1372,0.4865,0.4238,0.2274,0.4074,2.7143,3.3188,1.3644,0.8591,1.4769,0.6609,1.8377,1.8722
3.984,0.9348,0.1354,3.3142,0.4867,2.1461,0.3375,0,0.5391,0.6993,4.7338,0.4765,0.4152,0.486,2.2166,4.5201,4.6206,2.4244,0.4606,0.853,0.6854,2.2206,0.311
2.3346,0.7416,0.2272,0.02408,0.03604,2.9901,0,0.1227,0.1142,0.08275,0.5205,0,0.3596,0.02301,0,5.2187,4.0549,1.2001,0.8032,0.6334,0.3707,3.0968,0.3283
1.9673,0.7664,0.7234,0.07562,0.05132,2.342,0.107,0,0.5619,0.3907,0.02419,0.2948,0.4279,0.04829,0.5288,2.8757,3.6326,0.848,0.2473,1.4239,0.9151,2.0789,1.206
3.6005,0.7917,0.2739,0.3316,0.2287,3.9651,0,0.05,0.2486,0.2397,0.01505,0.01077,0.2733,0.02801,0.2072,5.9369,4.8071,0.9778,0.3994,0.7283,0.5918,3.9107,0.6998
2.7457,0.868,1.475,3.1418,0.3955,3.4461,0,0.2992,0.3488,0.8056,2.9241,0.3863,0.468,1.0773,1.8659,5.3756,3.7393,2.5702,0.7186,1.4749,0.6195,3.2015,0.6038
5.2371,1.2612,1.4715,1.4402,0.473,5.873,2.1438,1.0422,1.2823,0.8865,1.3118,1.6378,3.7305,2.3361,1.2475,7.3422,5.957,2.3549,1.989,5.9893,1.3471,5.916,2.052
2.603,0.3032,0.3462,1.1426,0.1756,1.8847,0,0.2054,0,0.4608,1.3384,0.5503,0.7844,0.3604,0,5.3135,3.8051,1.3524,0.04339,0.4276,0.7372,1.5358,0.6306
4.3378,2.0396,1.4458,0.1338,0.9251,5.5641,2.7093,1.1878,1.7965,1.4534,0.8781,1.2261,1.8184,1.3201,1.3751,5.1909,6.0713,2.2879,2.8625,1.9472,2.0445,5.3652,2.6292
4.4163,0.9597,1.391,0.864,0.9805,3.5571,0.08201,0.7691,0.07206,0.02354,1.3267,0.05875,0.6584,0.2331,0.2992,6.0946,4.9332,2.4128,0.3253,1.4144,1.2529,2.9817,1.5505
3.9338,1.2742,0.64,2.6304,0.2728,3.5052,0.1243,0.6902,0.3761,0.1442,4.3938,1.1729,4.497,1.6816,0.07623,5.7392,4.4037,1.6179,0.3943,1.6407,0.3913,3.8903,0.8671
1.8778,0.5889,1.4942,1.1417,0.5729,2.2955,0,1.0358,0.2116,0.1986,1.3875,0.03832,0.2181,0.333,0,2.0256,3.3759,0.8661,0.3326,0.4804,0.3328,1.6699,0.7584
3.5096,0.7541,1.2611,0.0802,0.09867,2.2524,0.2789,0.7549,0.3452,0.3282,0.09919,0.6936,0.6233,0.7263,0,5.55,4.9716,1.4292,0.3749,1.2299,0.7954,1.9984,0.9214
2.2269,1.1699,0.6374,0.8452,0.463,1.9361,0.09827,0.5927,0.08193,0.2278,1.0839,0.09228,0.3743,0.2856,0.2946,3.8972,3.2021,1.9322,0.5223,1.7014,0.696,2.5609,1.2608
4.667,1.1647,4.2714,3.654,0.8905,5.2348,2.0652,0.3354,6.0634,0.9154,4.5392,1.5487,3.0185,0.9357,1.0564,7.0443,5.6418,2.7795,1.7046,2.3065,1.6864,5.2851,3.3257
2.6637,0.6604,0.6256,0.2629,0,0.9262,0.02041,0.4058,0.1392,0.146,0.557,0.03136,0.4521,0.08131,0,4.0051,3.5731,0.5043,0.3369,0.698,0.4259,0.741,0.4015
3.7075,3.0325,0.2391,3.2726,0.6618,3.0544,1.9436,0.6322,0.9395,0.8868,3.7848,0.4814,1.3331,0.8031,0.3779,6.7817,6.4753,3.882,1.2146,3.0508,2.3468,1.2153,1.9454
1.7438,2.1301,1.7494,1.8458,0.8677,1.2757,0.1524,0.6817,0.4601,0.3852,2.2864,0.0499,0.2888,0.2678,0.1328,4.3524,3.5401,1.4192,0.6551,1.5291,1.356,0.7803,1.3519
3.2302,1.7872,0.7462,2.7378,0.996,3.2033,0.4818,1.2718,0.5674,0.6556,4.4245,0.6448,0.7552,0.6601,1.8445,6.0134,5.3635,2.7873,0.8658,1.2092,1.6598,2.9272,1.0411
4.5407,2.2898,0.983,1.9268,0.3828,4.6555,0.9484,0.4741,0.6602,1.2915,2.1278,1.3601,1.1658,0.6015,0.5567,6.559,5.5697,2.3576,1.2294,2.1525,1.5069,4.0509,1.2123
2.3449,0.8205,1.0036,0.6831,0.4303,4.2248,0.1654,0.2394,0.256,0.2416,2.272,0.3521,0.7245,0,0.845,4.6277,4.0893,2.6337,1.0509,1.6221,1.5132,4.8979,1.0373
3.4082,1.3274,1.1414,1.3028,0.6055,4.69,0.5029,0.756,0.5817,0.1651,2.0909,0.9603,1.1702,1.8311,1.5137,6.5265,4.6095,2.8929,0.497,2.0993,1.2355,4.6049,1.2443
3.1344,0.5312,0.7487,0.2219,0.1201,1.5352,0,0.004152,0,0.08879,0.624,0.1815,0.2727,0.4683,0.06015,5.0009,3.4086,1.283,0.1598,0.6572,0.4925,1.297,0.9848
2.8214,1.0074,2.0087,0.5534,0.3789,5.1588,0.9562,0.2367,1.8129,1.2758,1.2719,1.6975,0.9777,0.4665,0.1942,6.7581,5.0557,1.0915,0.4338,2.4579,1.5745,5.0562,2.0812
2.8103,0.4023,0.4595,0,0.1893,2.4213,0,0.3181,0.1617,0.09049,0.2342,0.312,0.03085,0.3944,0.01235,2.7161,3.2022,0.2124,0.2041,0,0.2215,0.8191,0.5531
4.7694,0.5445,2.2272,0.7347,2.6857,1.7352,0.05828,1.9085,0.3039,0,0.7479,0.1876,0.01164,0.1044,0.7655,2.4629,3.8509,1.1716,0,0.9348,0.3062,2.0685,3.2719
3.4326,0.8118,2.3879,0.1997,3.7373,2.5662,0.6167,1.8224,0.7678,0.1393,1.7547,0.6659,0.531,0,0.08633,5.8944,3.8515,1.8457,0.3675,1.5185,0.6712,1.7052,3.0689
3.0273,0.6154,0.571,1.2257,0.3408,2.2185,0,0.6068,0.09364,0.1437,2.1081,0.0002795,0.2158,0.1703,0.05906,5.4912,4.4205,0.7232,0.5751,0.9657,0.6686,2.4964,0.8561
3.4601,0.5664,0.2996,1.9489,0.2184,3.3454,0.05555,0.3587,0.2101,0.5542,3.6651,0.1507,0.678,0.6267,0.171,6.4469,4.9122,2.0303,0.8268,1.092,0.6307,3.2013,0.3113
2.6346,1.1814,0.9084,0.6149,0.4596,2.7435,0.01443,1.0195,0.6787,0.02414,1.4088,0.2188,0.3213,0.2077,0.1654,3.1674,3.1759,2.4916,1.1377,0.9206,1.1809,2.7169,0.2839
4.9797,1.0021,2.1889,1.4415,1.6374,3.8757,2.4531,2.4691,3.0468,1.6096,3.6834,3.2073,1.0024,1.2229,0.3534,6.3132,4.718,2.0498,0.1197,1.7956,1.6516,3.7682,2.0527
3.7984,0.2402,1.6659,3.233,2.2608,2.922,0.7341,1.59,0.6752,0.1366,3.6687,0.6006,0.5081,0.9897,0,6.3134,5.4317,2.8886,0.7036,1.695,1.06,3.6883,2.1857
2.9013,1.3248,2.6185,2.2178,1.0704,1.4273,1.054,0.6192,1.4282,0.1361,2.6065,1.3735,0.7286,0.02138,0.3746,3.9821,4.6043,1.62,0.9618,1.0383,1.218,2.025,1.7224
2.5866,0.8731,1.5751,1.3455,0.7614,1.7593,0.7817,0.7347,0.2585,0,1.1822,0,0.03693,0.1203,0.1457,5.4401,3.7871,2.0805,0.5294,0.8138,1.4313,2.833,1.4384
4.6862,0.1955,0.1751,0.07603,0,3.2408,0.06052,0.4616,0.5323,0.1335,0.1312,0.07914,0.7284,0.5421,0.215,5.8464,4.4044,2.5085,0.852,0.4049,0.8078,2.7943,0.5306
3.2777,0.1996,0.04556,0.03026,0.05487,3.771,1.0539,0,0.1066,0.009183,0.05466,0.1972,0.6056,0.03088,0.1145,3.8476,4.4225,2.0355,0.6413,1.0285,0.3578,3.4251,0.04773
2.4531,0.8225,0.7863,0.3154,0.7348,3.6618,0.7208,1.1782,1.4706,0.9376,1.1049,1.186,0.7721,1.6126,0.9701,4.1261,5.0758,1.5241,1.2738,1.1543,0.8098,3.0713,3.339
3.5814,1.5664,0.5329,1.026,0.4963,1.5377,0.1852,0.1116,0.6464,0.5628,2.6284,0,0.6479,0.4931,0.2675,3.7909,4.4206,1.377,0.6187,2.3426,1.5491,0.7921,0.881
5.3606,1.529,0.3882,3.0232,0.1433,3.224,0.07509,0.2365,0.239,0.6041,3.9209,0.8202,0.744,0.2249,1.1158,4.8993,4.9398,1.58,0.2541,1.5851,0.9497,2.7849,0.8542
3.6359,1.0097,0.801,0.08234,0.2264,1.955,0.7627,0.3305,0.7505,0.176,0,1.3939,1.0484,0.05354,0.2173,6.2021,4.4176,1.6065,0.4772,2.0106,1.5571,2.186,1.5656
2.4246,0.454,0.7129,0.3451,0.3112,2.9701,0.02207,0.2179,0,0.4264,0.7281,0.09302,0.4765,0.1938,0.3563,4.4677,3.723,0.8976,0.2021,0.8922,1.1777,2.7067,1.1876
3.5942,0.8423,1.5,1.1747,0.5841,3.7736,0,0.3719,0.1366,0.5281,0.8906,0.04018,0.4126,0.1807,0.5801,4.855,4.42,1.3733,0.5575,0.8174,1.3732,3.7109,1.2425
3.6072,1.0301,0.1051,2.9909,0.3479,1.7798,0,0.3697,0.2208,0.2093,3.8973,0.3245,0.5299,0,0.07445,5.3291,3.0692,0.4812,0.2971,1.1591,0.475,2.0497,0.02721
4.5134,1.1052,1.3243,0.4484,1.0646,3.5353,0.1614,1.053,0.5979,0.1048,1.327,0.3092,0.4672,0.5584,0.4418,6.5093,4.588,2.3833,1.3145,1.707,1.8672,3.8274,1.6382
3.4429,0.5479,0.1945,0.3858,0.2068,3.5016,0.2133,0.7597,0.4549,0.7641,1.1514,0.7598,0.7702,1.1388,0.1291,6.143,4.5348,1.3312,0.06738,0.6085,0.369,2.6696,1.05
3.905,1.5511,1.8324,2.1314,0.7557,2.3686,0.1013,0.5041,0.9597,0.6948,3.3129,0.8548,1.77,1.1633,0.8802,5.5399,4.6008,1.6427,0.8845,1.966,0.8533,2.9519,1.4355
2.7954,0.969,0.6296,1.0543,0.6342,2.3295,0.0003624,0.3933,0.1473,0.5178,2.213,0.2844,0.5367,0.1508,0.6301,4.8987,3.8112,1.4222,0.01333,0.9395,0.6116,2.4773,0.5163
4.354,0.7117,1.2891,0.4306,0.07119,2.8785,0.04761,0.03881,0.2585,0.2897,0.5807,0.277,1.0135,0.05832,0.1648,5.9641,3.6994,1.1058,0.2025,1.7276,0.7687,3.1158,0.2458
3.3577,0.9336,0.3278,1.5491,0.0222,2.5234,0.02135,0.3009,0.1666,0.4623,2.3595,0.294,0.4068,0.2251,0.752,3.3945,4.6716,1.2493,0.09031,0.9149,0.5711,2.2942,0.5239
2.0852,0.6611,1.6143,0.3088,0.2265,2.0158,0.4653,0.2569,0.5616,0.7555,1.4601,0.77,1.0025,0.2776,0.3302,3.9177,3.1432,1.6582,0.8671,2.1115,1.4499,2.2844,0.6129
3.2746,0.3245,1.7451,2.7227,0.6797,0.9451,0.1058,0.3614,0.2082,0.6257,3.6998,0.5099,0.846,0,0.09305,3.1435,3.5238,1.8703,0.2793,1.623,0.6438,0.9675,1.3798
4.6617,0.5775,0.5852,0.6889,0.3236,2.2389,0.01563,0.1638,0.4101,0.3651,1.11,0.9004,1.2078,1.0402,0.186,4.3812,4.6206,2.4224,0.2267,1.7415,1.3392,1.7592,2.0391
4.9316,1.595,1.0993,1.3702,0.2035,0.8084,0.1685,0.1743,0.5659,0.363,2.3665,0.44,0.9536,0.3071,0.1203,4.7678,4.298,1.1536,0.4032,2.5434,0.6529,1.4231,1.383
3.9897,0.2207,0.1732,2.825,0,1.5988,0.02243,0,0.001392,0.2465,3.7454,0.3558,0.2561,0.4376,0.5499,5.0763,5.0778,0.6888,0.1109,0.2688,0.2364,1.5226,1.6372
3.4641,0.919,0.7203,2.5552,0.3722,4.1102,0.1918,0.2636,0.2055,0.4258,3.1033,0.2519,0.71,0.3612,0.7113,6.4682,4.3351,2.182,0.6535,0.8553,1.2664,3.7638,0.7532
3.1995,0.1172,0.7791,0.0567,0.6125,3.5079,0.1213,0.5269,0.2326,0.3311,0.2316,0,0.03532,0.2599,0.2626,4.6615,3.2598,0.6273,1.0356,0.1918,0.5043,3.8791,1.682
1.8151,1.5118,0.7165,1.1711,0.2642,1.3475,0.04266,0.3532,0.06098,0.3538,2.0249,0,0.2529,0.008045,0,1.967,4.3308,1.8252,0.1303,1.032,0.6075,0.7309,1.0391
3.2082,0.9099,1.657,0.7726,1.4249,1.5047,0.04978,1.0678,0.2472,0.6192,1.0196,0.1599,0.765,0.4499,0.5576,3.9561,3.9747,2.1599,0.3819,1.6853,1.4078,0.1703,1.6519
4.3186,0.8903,0.3266,2.8194,0.5338,2.7864,0.3225,0.5575,0.8419,0.5415,4.4659,0.01489,0.6186,0.2313,2.267,4.6768,4.0197,2.8681,0.6104,1.1289,1.11,2.9211,0.8201
5.3135,1.8932,0.9439,4.148,0,3.1076,0.1403,0.8029,0.4398,0.3962,4.683,0.343,0.5708,0.2648,1.6266,6.2246,4.5754,2.0208,0.658,2.1444,0.9653,2.4461,1.2904
3.6046,0.3628,0.08281,1.4631,0.4576,2.0752,0.324,0.7029,0.3396,0.3646,2.3323,0.2356,0.544,0.2262,0.2696,4.1198,3.9488,1.6195,0.4565,0.7162,0.5208,2.3615,1.2156
2.7021,1.4368,0.5394,0.1214,0.4804,2.3966,0,0.3326,0.2987,0.1682,0.2633,0.559,0.4129,0.1365,0.09978,4.4053,3.2468,1.0498,0.1994,1.3823,0.9419,2.5865,0.3792
2.5525,0.5173,0.7185,1.6739,0.2869,2.011,0,0.1481,0.1507,0.3224,2.2718,0.3721,0.391,0.1855,0.1687,4.484,3.932,0.9198,0.1761,0.1825,0.7941,1.9046,1.1563
1.1265,1.0362,0.3366,0.1423,0.3108,2.821,0.08142,0.8124,0.5739,0.3516,0.9959,0.2366,0.5516,0.6265,0.3496,1.3967,3.8931,2.2068,0.8639,0.4315,0.5726,2.475,0.8879
3.0876,1.4834,0.6652,3.6362,0.3618,3.7394,0.2019,0.4278,0.8076,0.5574,4.6732,0.9764,1.0685,0.03001,2.2723,6.1199,4.655,2.0066,0.7135,1.4119,0.6398,2.9305,0.5995
2.3156,0.7806,1.3605,0.575,0.4376,2.7698,0.09005,0.08543,0.1603,0.2199,1.2794,0.08489,0.6601,0.6169,0.187,5.1485,3.1685,1.7809,0.2575,0.8205,0.7215,2.5969,0.896
3.5373,0.9805,0.04946,3.8036,0.5104,3.1056,0.1943,0.2847,0.2386,0.01412,5.61,0.09373,0.1298,0.1498,0.5122,5.3262,4.117,3.249,0.6293,0.4449,1.4256,2.6856,0.7882
1.8467,1.0009,1.0161,0.4444,0.2581,2.7861,0.08369,0.6966,1.0773,0.7859,0.2834,0.5512,0.711,0.4109,0.04503,3.3207,4.4893,1.468,1.155,1.6908,1.2961,3.464,1.7474
3.4708,0.8105,0.734,0.2557,0.3595,4.5254,0.1958,0.7325,0.7994,0.5093,1.4177,1.7991,0.8679,0.3662,1.2888,6.3544,4.8466,3.3988,0.6781,1.1692,1.8216,4.9511,0.794
1.9145,0.6633,1.6623,0.3716,0.4617,2.7736,0.04782,0.4059,0.4738,0.1904,0.9955,0.04275,0.4645,0.02149,0.2102,3.9899,4.3211,1.0566,0.1974,0.3419,0.6265,2.203,1.7901
0.8741,0.6781,1.0493,0.9964,0.4773,3.466,0.003237,0.9322,0.5288,0.4071,1.2402,0.1503,0.4427,0.6874,0.7605,4.1514,4.399,0.9857,0.7286,0.4165,0.1252,4.2614,1.4705
2.2829,0.05775,0.3986,0,0.01655,0.5917,0.08491,0,0.02888,0.1078,0.1574,0.03619,0.1223,0,0.05661,2.9703,2.822,0.3966,0.02019,0.03916,0.1206,0.1861,1.0895
4.8463,1.4305,0.6231,1.3179,1.0426,3.4227,0.7145,0.1266,0.6397,0.4729,1.7564,0.9204,0.7331,0.7479,0.5902,6.0871,4.4484,2.4805,0.7113,2.6435,2.8243,3.8976,1.7263
3.0827,1.2993,2.5246,1.273,1.1054,5.0107,1.2202,0.9963,0.9375,1.0682,0.7167,1.778,2.0558,1.009,1.4195,7.2847,5.4117,3.086,1.4882,2.2342,2.0581,5.3756,2.4584
5.1094,1.0059,1.5103,3.1872,1.8084,5.795,1.8714,1.2129,1.8695,3.1439,3.4643,2.6673,1.5846,0.8275,1.7807,7.5086,5.7298,4.4472,1.21,2.3725,2.8261,5.7118,2.893
2.73,1.4618,0.04896,2.493,0.03277,2.933,0.003384,0.6687,0.6065,0.6093,3.6445,0.4534,0.5345,0.6852,1.433,5.2658,4.8894,2.2205,0.5472,0.8642,0.7623,2.5552,1.459
3.853,0.4127,1.1537,1.2031,0.3822,2.2827,0.2999,0.5346,0.2728,0.5073,2.4758,0.7226,0.7377,0.2795,0.615,6.0363,3.7029,2.2201,0.1169,1.3825,0.6178,2.841,1.3023
3.0913,1.432,0.5777,0.7856,0.01967,3.6338,1.226,0.454,0.1021,0.3927,0.8127,0.4619,0.719,1.0764,0,2.2649,5.1266,2.5356,0.4391,1.9474,0.7243,4.1392,0.03643
3.1529,2.9271,0.863,4.2428,0.7388,2.5262,1.9258,0.4323,0.3661,0.1505,4.076,1.4777,0.6391,1.0286,0.4897,6.8236,5.5411,1.2707,1.3176,2.6193,0.4642,2.7252,1.1093
4.3846,1.5103,1.2213,1.9695,1.0277,4.7985,1.192,0.1136,1.0794,1.0186,2.1986,1.2846,0.7177,1.0151,0.6096,6.5453,6.4096,2.2936,0.941,1.0007,1.5712,4.5603,1.161
4.7185,0.8817,3.2752,3.1959,0.6935,4.4124,1.3594,0.9807,5.6277,0.644,3.6923,1.2449,2.7737,1.9724,0.3954,7.0551,5.8635,2.4167,1.6803,2.1484,1.5281,4.5702,2.5777
3.6685,0.6478,1.0054,0.4438,0.8743,5.0752,0.876,0.233,0.2995,0.9093,0.4468,0.6872,0.7684,0.4237,0.828,7.3811,5.6306,2.7114,0.6616,1.5231,1.8613,5.4387,1.3015
2.3487,0.7337,0,1.3541,0.9725,2.8217,0,0.5561,0.6361,1.2248,3.2569,0.8043,1.0949,0.6818,0.6241,4.9233,5.646,2.8447,0.8453,2.5558,3.1467,2.984,3.3595
3.4416,3.717,0.4197,2.674,1.043,4.2888,1.7798,1.1746,1.8774,0.7887,3.0813,1.9908,1.9573,1.1948,0.2295,6.2541,5.8292,1.0632,0.9919,4.532,0.5264,4.8473,0.8516
1.7971,0.5976,1.5831,0.406,0.7291,1.9354,0.1714,0.6419,0.5632,0.9586,1.1681,0.7329,0.7625,0.7342,0.3276,2.7287,4.3321,1.1131,0.6244,0.3371,0.898,1.4401,1.6344
4.2994,0.3949,0.01229,1.2196,0.1784,2.1382,0,0.4407,0.01426,0.2796,2.3614,0.1997,0.113,0.8383,0,5.1202,4.6034,1.3711,0,0.3795,0.6439,2.1438,0.6459
3.5771,1.8889,0.7628,2.0524,0.2421,3.531,1.3131,1.158,1.5839,0.3706,2.3543,0.9088,0.9584,1.5408,0.1556,6.5537,5.5777,1.0642,1.6069,2.7704,0.6123,3.6748,0.834
2.7651,1.1574,1.6644,0.703,0.8457,2.3962,0.7012,0.4486,0.1906,0.834,1.5562,0.7256,0.4754,0.3043,0.2211,4.304,3.2386,1.3821,0.337,0.8743,1.2307,2.4108,1.5469
2.2171,0.8069,2.8096,0.5113,0.505,1.6298,0,0.7808,0.1628,0.8298,1.0423,0,0.9416,0.05675,0.5086,3.9946,3.2458,1.4841,0.4541,1.8094,0.6557,2.3736,2.2647
5.4708,3.2272,0.3816,1.1922,0.2748,3.367,0.9272,1.0317,2.0814,1.1197,1.1908,1.8915,1.1346,1.3851,0.5022,7.4167,5.3877,2.4387,2.1886,3.1159,2.8555,2.9832,2.0596
3.7881,2.0005,0.1371,0.708,1.1015,4.3181,0.816,0.9961,0.8691,1.0225,1.5045,2.0179,1.5335,0.3177,0.02725,7.1779,6.6543,0.6449,0.8896,2.8381,1.8328,4.5726,1.2516
3.5192,2.91,0.5543,0.7945,0.2969,4.8773,2.1505,1.361,1.4553,0.3091,0.3285,1.8031,1.6563,0.7987,1.258,6.6117,5.8871,1.1614,1.2637,3.5637,1.2422,5.0621,0.6458
2.789,1.268,0.6949,0.9356,0.0282,2.4491,0.2855,0.216,0.3225,0.3687,0.5834,0.5809,0.4066,0.6865,0.5032,5.2136,3.6298,1.378,0.3099,1.4364,0.7234,2.0429,1.3425
4.1338,0.8646,0,1.1826,0.161,2.9539,0.4312,0,0.2903,0.4705,1.7332,1.0592,0.3137,0.9126,0.01322,6.8034,4.7173,1.4383,0.4594,0.8137,0.8267,3.3792,0.544
2.0891,1.2942,1.0272,1.062,0.5309,2.6355,0.8903,0.484,0.5671,0.6712,1.4195,1.0933,0.3542,0.5666,0.3015,4.5833,3.703,1.6155,0.1781,1.3852,1.0118,3.0377,1.7264
2.6941,0.8602,0.4784,5.0531,0.6706,4.3871,1.3271,0.06963,0.764,0.4614,5.0744,1.6632,1.7782,1.2709,0.6209,6.1507,5.8283,3.1142,1.6474,1.7366,2.1507,5.1368,1.5751
3.0933,0.4973,1.2097,0.1945,0.2328,1.5558,0,0.09769,0.4622,0.8851,1.7013,0.341,0.4304,0.008632,0.5426,4.864,3.5037,1.4921,0.8425,1.3057,0.4566,2.197,0.4319
4.4144,1.0599,0.4543,1.0904,0.21,3.2093,0.7225,0.212,0.3059,0,1.7523,0.5408,1.9426,0.6425,0.1093,6.5694,3.9219,1.5502,0.691,1.1314,0.9038,2.3036,0.7623
4.6858,2.2083,1.095,2.9897,0.8298,5.1446,1.117,1.0477,1.1281,0.9006,3.7935,2.1291,1.823,1.1746,0.7281,6.2491,5.3488,1.9702,0.7751,2.6934,1.4316,4.8915,1.1913
3.8223,0.3537,3.0717,3.3419,0.5995,2.7764,0,0.5306,5.016,0.1017,4.5708,0.7817,1.7159,0.3105,0.1505,7.1048,4.7085,2.0601,0,0,1.5403,3.1619,3.12
2.2269,1.4503,2.0978,2.0402,0.9836,2.4941,0.6266,1.5001,1.27,1.6904,2.5424,0.9905,1.3399,1.0637,0.5705,3.8522,3.8318,1.5177,1.1985,3.0662,1.2387,3.0771,1.9356
2.8684,0.9594,1.2127,3.1061,0.9731,2.8093,0.03003,0.521,0.4685,0.2538,3.742,0.09123,0.5526,0.139,0.8567,5.8173,3.8094,1.0124,0.466,1.2814,0.5281,2.9748,1.1229
3.1735,1.0965,1.2755,0.4508,0.4664,1.4083,0.1766,1.1965,0.5324,0.1933,1.0033,0.2584,0.6978,0.704,0.09375,3.8109,4.147,0.822,0.2293,1.2969,0.2454,0.9707,1.8618
4.248,0.8652,1.1904,0.6335,1.2624,1.2647,0,1.037,0.6587,0.2568,1.9066,0,0.2385,0.01816,0.2625,5.3639,3.219,1.0794,0.4213,1.0372,0.3085,1.2417,1.5278
3.2074,1.0032,0.3391,1.3015,1.0717,4.4701,0.1434,1.7718,0.4161,0.3145,1.5302,0.1368,0.4875,0.04629,0.3614,6.4953,4.3554,2.1702,0.4845,0.8375,0.8761,3.5181,1.1217
5.0957,2.9187,1.4398,0.7485,1.0643,4.9078,1.0836,1.3522,1.9171,0.7146,1.4584,2.7606,2.4015,2.1395,0.9127,6.817,6.2917,3.0544,1.6377,3.8758,2.0685,4.9954,0.791
2.9575,0.5807,0.2569,0.4134,0.3904,3.2757,0.6492,0.6883,1.1117,0.6954,0.01169,1.2728,0.7745,0.9671,0.6253,4.3178,4.663,2.5285,1.1127,0.7929,1.1036,3.0798,1.4684
2.8339,0.6313,0.2668,0.5019,0.26,2.0636,0.09609,0.1241,0.1693,0.1545,0.16,0.1057,0.06502,0.8282,0.08282,5.5755,4.1846,1.366,0.4543,0.8001,0.7523,2.2263,1.4051
2.6406,0.3336,0.8153,0.4429,1.0477,3.9008,0.1343,0.1664,0.3538,0.08353,0.005301,0,0.6149,0.04844,1.1699,6.1409,3.4407,1.3319,1.0337,1.7266,1.1322,2.8967,1.4031
3.2781,2.8798,0.4225,1.3771,0,2.5387,1.3427,1.8908,2.2922,1.3709,1.7369,2.2415,2.432,0.6193,0.3489,3.0682,4.8948,1.0413,1.1561,2.6661,1.0434,2.64,1.7224
4.3214,2.5798,0.9041,2.6515,1.5967,2.7359,0.8321,2.1057,1.4159,1.4657,4.8546,1.3037,0.6926,1.4464,0.2252,4.8331,5.166,2.0386,0.9539,2.7267,1.9045,4.0027,1.7525
5.2031,1.5767,0.5512,2.0438,0.8666,4.895,0.5105,0.9483,0.5356,0.5896,2.6236,1.362,1.2301,0.1787,0.6577,6.1904,4.3637,2.4714,1.1541,1.7623,1.7953,4.6107,1.521
3.6466,1.5363,0.1187,4.9654,0.2374,2.1141,0,0.5408,1.1576,0.383,6.4385,0.4133,0.5432,0.269,3.0335,3.8672,4.7209,2.8473,0.8727,1.2676,1.2525,1.5046,0.8149
3.6897,0.913,0.8336,0.7299,0.05463,2.8648,0.03493,0.6464,0.1668,0,2.0873,0.06381,0.612,0.02942,0,6.4269,4.1673,0.9551,0.4575,1.0451,0.7375,2.5156,0.8651
2.9144,1.3564,0.9781,3.0278,0.2052,3.0189,0.3488,0.5271,1.0356,1.5895,4.4123,1.7566,0.926,0.4811,1.7858,7.026,4.4665,1.8795,0.6186,2.255,0.4622,3.6949,1.1044
5.5367,1.1017,0.1335,0,0.1473,3.9137,0.1205,1.582,0.3012,0,0.9213,0.2768,0.2967,0.04652,0.1361,5.5396,5.7776,1.3141,0.8147,1.0628,0.5439,3.126,0.6659
2.575,1.9311,1.016,0.9323,1.8648,3.8767,1.5567,1.4168,0.6117,0.9397,1.5386,0.903,1.0025,0.868,0.1516,6.075,3.384,1.9761,0.8336,1.4916,1.6093,3.7305,1.8697
2.8608,1.2566,1.79,1.2882,1.239,4.3888,1.3348,0.5553,1.7814,0.6171,2.2155,1.2437,1.1515,1.2391,0.7567,4.882,5.892,2.5952,1.2061,1.8072,1.6761,4.2652,1.7256
2.6177,0.5139,2.3393,1.6161,0.3546,2.651,0.2157,0.4225,4.4689,0.26,3.3323,0.1798,1.5732,0.2072,0.5659,4.1212,4.4477,2.2312,0.1151,0.1,1.4739,2.9957,2.3796
2.0796,1.3099,0.9185,3.391,0.49,3.5391,0.1198,0.6978,0.654,0.2398,5.1399,0.2735,0.868,0.01668,2.9418,4.24,5.0633,2.1681,0.7755,1.4747,0.9921,2.6133,1.7294
2.3806,0.3319,0.08418,0.3584,0.002914,0.9154,1.0702,0,0,0,0.9748,1.0396,0.3369,0.4424,0.1847,3.5542,3.6394,0.9187,0.4461,0.8891,0.2702,0.4341,0.6093
3.2444,0.5249,0.7199,0.5816,0.9432,2.0817,0.2754,0.8911,0.3222,0.3682,1.4506,0.4306,0.46,0.1629,0.1392,3.8856,4.9023,1.5917,0.4915,0.6407,1.2541,2.3197,1.5907
1.3119,1.392,0.5506,0.2346,0.1603,2.8245,0,0.1513,0.29,0.2304,0.6005,0.6379,0.4803,0.02981,0.1757,5.9739,3.6454,0.9168,0.3812,2.2176,1.218,3.5973,0.4585
4.5868,2.06,3.6528,3.026,1.1808,5.3433,2.1037,1.9384,2.5759,1.5578,5.2407,2.1537,1.7637,1.8206,0.9013,7.2501,4.5822,3.2481,1.8656,3.4513,1.2846,6.0318,1.6642
4.5336,1.4882,1.5617,2.824,0.07553,3.4062,0.02159,0.429,0.259,0.23,3.7488,0.3324,1.0965,0.5045,0.1083,5.7431,5.4217,1.3487,0.7994,2.0974,0.735,3.8799,1.3838
4.9855,0.5617,0.05838,0.2098,1.1327,4.7234,0.007163,0.8071,0,0.1098,0.249,1.0717,1.1621,0.1203,0.6648,7.1403,5.6889,2.1272,0.002441,1.8164,1.6047,4.5568,0.7281
5.2123,0.5995,0.5686,1.5757,0.18,4.1061,1.7307,0.2113,0.358,0.6576,2.7494,0.307,3.6422,2.14,0.0819,5.8234,4.163,2.3323,0.8244,0.5641,1.0145,4.3579,0.3538
3.2581,1.2515,0.2625,0.00429,0.3761,1.4986,0.148,0.6075,0.4273,0.04665,0.899,0.302,0,0.9258,0.05401,3.5975,4.287,1.438,0.1997,0.41,0.8439,2.3142,0.573
2.6606,0.3176,0.2042,0.5792,0.3438,3.4797,0,0.8744,0.5522,0.7318,0.777,0.6204,0.5643,0,0.3992,3.6733,4.0845,1.1364,0.2289,2.3151,0.6005,3.1009,0.8105
3.7225,2.4006,0.4735,2.179,0.3782,3.8717,1.8304,0.8492,0.838,1.0518,2.9593,2.1591,1.1504,1.5495,0.333,4.819,5.5941,1.4718,0.9686,2.9462,1.0816,3.1229,1.2083
3.3586,1.5338,2.4599,1.4634,1.5452,5.5993,1.6808,1.4487,1.8004,1.6592,1.74,2.7305,1.8084,2.6088,1.8282,6.7558,5.9569,3.5251,2.8323,1.5482,2.0937,5.7389,1.9845
6.104,2.5881,2.5768,2.892,2.0672,4.9124,2.1439,2.3191,2.979,2.0047,3.6304,2.0811,2.741,2.4402,1.403,7.0911,6.4125,3.289,5.7935,4.6298,5.4525,5.6936,1.3969
2.8561,1.0837,0.3467,0.1261,0.2684,2.5822,0.3831,0.392,0.6128,0.702,0.6039,0.1568,0.9935,0.06791,0.06749,4.6902,4.5306,1.4205,0,1.9641,0.5424,2.5565,0.8979
4.7653,0.798,1.2751,0.08808,0.662,4.6028,0.3058,0.5777,0.4625,0.1314,0.6409,0.01538,0.7133,0.1776,0.0554,6.7078,4.9662,1.8268,0.6078,1.9009,1.3784,5.3324,1.2426
1.0754,0.5824,0,0.4517,0.06946,3.195,0.004055,0.2613,0.1775,0.06517,0,0,0.286,0,0.06505,1.7118,3.5793,0.6779,0,0,0.5458,2.8124,0.3715
3.0332,0.6452,0,1.0545,0.67,4.533,0.7164,0.2531,0,0.3264,0.351,0.5989,0.3619,0.2403,0.136,4.6431,5.3657,0.4474,0.4186,0.3275,0.3037,4.1958,0.2687
4.4088,0.645,1.137,1.3757,0.1102,3.5342,0.312,0.4067,0.9951,1.2283,1.4276,0.8939,1.0166,0.4951,0.3552,6.0005,4.3192,1.5553,0.7501,1.3743,0.6937,3.7848,1.0475
5.2972,1.8219,1.1726,0.4363,1.1779,3.7968,0.09673,0.6303,0.05606,0.2892,0.1421,0.343,1.3442,0.5645,0.03845,6.0169,4.6373,1.632,0.6177,2.2016,1.3166,2.9384,1.0918
3.7468,0.5229,0.4326,0.486,0.2836,1.6349,0.1539,0.2469,0,0.03238,0.3876,0.001922,0.3264,0.2623,0.4231,3.5616,3.5689,1.3576,0.1644,0.2048,0.3892,1.0589,0.6673
4.712,1.0145,1.2167,3.1254,2.2235,3.2599,0.3766,2.1425,0.456,0.4504,3.8767,0.1308,0.806,0.2059,0.2637,4.4421,3.9983,1.8098,0.6144,1.7936,0.5551,2.0451,2.9569
1.6738,1.1923,1.4733,1.2609,1.42,3.1318,0,1.678,0.8682,0.9088,2.3507,1.2313,0.9907,0.636,0.1419,3.8862,4.5178,1.9118,0.4801,1.4694,1.3123,3.0734,1.8628
1.4558,0.8491,0.3515,0.333,0.1312,4.3177,0.6287,0.5385,0.308,0.2616,0.3607,0.1648,0.3931,0.1112,0.1221,4.6718,5.0687,1.1519,0.1786,0.1368,0.4787,4.8522,0.7705
3.0418,0.747,1.719,0.08598,1.4395,1.8317,0,1.0958,0.4445,0.1337,1.8229,0.09282,0.1219,0.6647,0.5941,2.2967,3.6257,1.5432,0.2687,1.7076,0.6316,1.5602,1.703
5.2552,0.4139,1.1919,2.2654,0.4244,3.1297,0.0133,0.1502,0.1953,0.2402,3.546,0.5238,0.2831,0.3796,0.1486,6.0863,4.8531,2.7444,0.03571,0.8856,1.0848,3.279,0.8455
3.3781,1.0222,0.5187,0.4696,0.4621,1.7151,0.2325,0.3094,0.07336,0.1706,1.2184,0,0.2606,0.1393,0.06596,5.9467,3.3759,1.6132,0.1468,1.3584,0.7472,1.6636,0.2174
3.6954,0.6894,1.094,1.9691,0.6598,2.9776,0.1486,0.3635,0.237,0.06515,2.6131,0.09706,0.5123,1.1969,0.4112,4.9461,5.2809,1.5606,0,1.2731,0.9052,2.1728,1.504
4.9167,0.9753,1.8416,1.0569,1.2982,2.5802,0.1499,1.2422,0.3102,0.254,2.026,0.1732,0.4445,0,0.2542,5.1832,3.6894,2.3273,0.5507,0.8499,0.973,4.0152,1.7591
3.2255,1.4213,0.61,0.6744,0.1121,3.8559,0.6459,0.6736,0.9206,0.1456,0.9559,0.7345,0.6209,0.3437,0.2859,5.7354,5.3056,1.3993,0.7736,1.3403,1.1127,3.8351,0.4266
4.996,1.71,0.8178,3.0327,0.8959,3.6813,0.3496,1.0545,0.5732,0.3708,4.4466,1.274,0.618,0.7922,0.8008,6.6492,4.8641,2.0903,0.4757,1.8716,1.0366,4.4313,0.8166
4.5194,0.9193,1.7978,0.3377,2.0307,3.5838,0.1361,3.1451,0.9569,0.3865,0.684,1.1408,0.5128,0.118,0.01563,6.47,5.0943,1.4324,0.1748,1.5386,0.8038,4.5073,1.8922
2.7224,0.7983,0.9192,0.4632,0.8593,3.0723,0.003449,0.3527,0.2487,0.4886,1.5899,0.2845,1.8879,0.02345,0.1109,5.1908,4.2462,1.6848,0.5604,4.0317,1.0651,2.8877,0.7584
5.2895,0.8707,2.0052,2.8138,1.2231,4.9054,0.8573,1.7222,2.2442,2.3462,3.2309,2.3797,2.2926,0.9438,1.2174,6.627,4.8471,3.5476,1.2132,3.3459,2.4923,5.3799,1.8289
2.3125,0.5609,0.528,1.2551,0.4111,3.0533,0.1334,1.0206,0.1556,0.2141,2.4795,0.7247,0.2978,0.4396,0.1747,4.1579,4.1274,0.9508,0.1305,0.3241,0.1748,1.3742,0.6515
3.558,0.7924,1.0389,0.8245,0.7658,3.7125,0.4763,0.2728,0.2073,0.8552,1.184,0.8849,0.4166,0.3236,0.7483,5.6526,3.5626,2.2147,0.7511,1.2638,1.0808,3.3382,0.6913
3.9905,1.1076,1.5032,2.4814,1.9746,2.5264,0,1.3463,0.1888,0.03799,3.5462,0,0.1449,0,0.02021,4.7617,3.7953,1.2485,0,0.573,0.3026,1.8001,1.4652
2.8736,1.4275,3.9472,0.5055,4.0635,2.9401,0.1035,3.3578,0.7838,0.158,1.436,0.02764,1.2008,0.115,0.1538,3.1413,4.352,0.828,0.1257,2.8646,0.05104,1.6078,4.1439
2.8905,1.1125,0.7499,1.6292,0.3066,3.3047,0.03189,0.4346,0.1257,0.6243,1.6923,0.5023,0.455,0.2391,0.1424,4.4553,3.8005,0.9033,0.2335,1.205,0.5299,2.5101,0.8277
2.9933,0.535,0.7849,0.1026,0,3.2016,0.03915,0,0.1169,0.421,0.1691,0.7981,0.2855,0,0.07222,5.9668,4.0233,1.3047,0.4904,0.8424,1.2327,2.1326,0.832
3.5106,0.6383,0.8378,0.3785,0.4055,2.9178,0.08763,0.7621,0.4237,0.4385,0.8364,0.1026,0.5612,0.1305,0,5.4331,4.0878,1.1235,0.5832,1.397,0.6619,1.9146,0.9695
1.1851,1.0875,0.5857,0.1862,0.09786,2.6998,0.1818,0.3394,0.5492,0.07728,0.2089,0.08016,0.7048,0.6622,0.3142,2.5108,5.3017,0.6757,0.1372,0.8723,0.2489,0.9602,1.225
2.1313,1.3035,1.0985,1.7299,0.3191,1.357,0.6485,0.5375,0.5898,0.4471,2.9449,0.315,1.1206,0.1742,0.1817,1.9411,2.9172,0.4526,0.2139,1.3735,0.29,0.2574,1.3125
1.5995,1.3572,0.2285,0.1913,0.1621,3.0313,0.8398,0.4256,0.8719,0.5109,0.1101,0.304,0.7947,0.2943,0.2752,4.6234,5.4403,0.6182,0.5582,1.318,0.6411,1.8683,0.3811
4.4584,1.2927,4.2576,3.0029,1.5548,4.4747,1.5834,1.6375,5.944,1.5495,3.9475,0.8892,2.9461,1.8126,1.7843,6.8572,5.185,2.5185,2.1583,2.6798,2.1103,4.8071,3.1671
2.8123,0.9727,2.2222,1.5972,1.1932,3.6816,0.4514,1.0323,0.07783,0.7236,1.3723,0.268,0.5743,0.2992,0.3427,5.2836,4.6118,2.0829,1.3616,2.0012,0.8821,2.0783,1.6073
4.1622,1.0673,0.9751,1.6916,1.82,4.6195,0.7761,1.5373,0.5547,0.3105,2.1154,0.1617,0.4736,0.2236,0.8798,7.0402,4.2428,1.7195,1.0741,1.003,0.6742,4.3889,1.772
4.1939,0.3778,0.2386,0.668,0.3616,3.2714,0,0.4119,0.05129,0.3503,0.6579,0.331,0.5046,0.1194,0.04294,6.6604,4.3413,1.3615,0.01658,0.09859,0.8429,3.3351,1.1873
3.4983,0.394,0.4455,0.4868,0.3731,3.2084,0,0.4652,0.1259,0.3219,0.4013,0.2306,0.164,0.04508,0.1927,6.3818,3.9949,1.2236,0.1094,0.01591,0.5697,3.3175,1.3101
4.2295,1.1281,0.2234,5.9343,0.02743,4.2545,0.2119,0.1763,0.8493,0.5748,7.2797,1.6237,1.0041,0.07766,0.9367,6.3485,5.3795,1.8252,1.7042,2.1811,1.4035,4.8885,0.1919
3.5381,2.3013,1.1565,3.0387,1.2901,4.6729,1.9956,0.4723,1.1833,1.4452,3.3518,1.8102,1.3689,1.707,1.1923,6.9156,6.1828,1.8725,2.4072,2.9182,2.5062,5.118,2.5859
4.7362,0.5085,0.3956,4.2032,0.01577,3.2961,0,0.3383,0.3957,0.5333,5.29,0.6016,0.9729,0.2974,0.1104,5.3406,5.165,1.3903,0.1405,1.467,0.6555,3.6049,0.4953
4.7147,0.887,1.5313,0.9345,0.842,4.2414,0.1213,1.3948,0.1666,0.1788,1.8762,0.9013,2.6605,0.7694,0.4093,4.8996,4.8403,1.5374,0.2001,1.8779,0.2963,3.252,1.2065
3.252,0.6896,1.508,0.528,1.0886,2.6162,0.7935,0.8549,0.6137,0.1837,1.0343,0.501,0.4426,0.142,0.396,6.6738,4.0304,1.8703,0.4858,0.8336,0.8046,2.833,1.581
3.1534,0.9333,0.6917,0.4856,0.8885,4.3124,0.6987,0.03488,0.3997,0.1889,1.3958,0,0.2972,0.6293,0.09389,3.6015,6.84,0.09803,0.1978,0.9299,0.2381,3.6358,0.1063
4.5708,0.8462,0.2935,3.4602,0,2.8504,0,0.3964,0.6314,0.09546,4.0762,0.072,0.5705,0.07258,0.1413,3.4582,4.7692,1.9905,0.4936,2.2049,0.482,2.9714,0.4307
2.2591,0.3216,0.4466,0,0.3913,1.8003,0.0583,0.4367,0.2542,0.3606,0.8609,0.1033,0.1563,0.01486,0,4.5514,3.9406,1.3031,0.6127,1.1837,0.4459,2.9929,0.2029
4.0967,0.6409,1.0565,0.3024,0.532,4.2914,0.2157,1.0963,0.6021,0.08894,1.0265,0,1.0091,0.4074,0.1871,6.193,5.1246,1.7808,0.9127,0.7201,1.1174,4.034,0.8507
2.7475,1.0259,1.6191,0.623,0.03859,2.3485,0.2392,0.6579,0.2676,0.6969,0.3681,0.2611,0.8049,0.1321,0.7003,2.7268,3.3768,1.5302,0.7517,1.112,0.2215,2.4824,0.9599
1.3862,0.4298,0.8493,0.7329,0.1429,1.8955,0.1184,0.3303,0.02441,0.1494,0.9977,0.0811,0,0,0.02867,3.0491,3.2763,0.7466,0.3679,0.666,0.3697,1.9364,0.4626
2.6965,1.1795,0.3353,1.7805,0.7472,5.5533,1.3994,0.7179,0.8608,0.7109,2.4864,1.6728,1.0946,0.7028,0.5583,6.9777,5.9228,2.289,1.325,2.3245,1.9616,5.2524,0.77
2.6454,0.7637,0.07896,3.4009,0.8033,3.9479,1.0578,0.3472,0.4948,0.5038,4.5666,0.4643,1.3834,1.3855,0.3729,5.4592,6.1262,3.1639,1.1751,1.5481,1.3363,3.9765,0.4324
3.4803,1.5713,1.669,3.4381,1.0194,2.7868,0.06966,1.0355,0.3683,0.6172,4.8153,0.8133,0.8964,0.3393,0.1131,4.0096,4.357,0.9657,0.5173,1.1405,0.647,2.4189,1.9639
4.3483,0.6478,0.9077,1.2338,0.4879,3.4648,0.5476,0.7534,0.01959,0.07107,2.1915,0.03994,0.8512,0.2903,0.2345,5.8073,3.6862,2.1313,0.1145,0.9404,0.2957,3.1664,0.7822
2.6612,0.7045,0.7926,1.4602,0.494,1.7691,0.1511,0.6503,0.6639,0.3671,2.8214,0.2123,0.5411,0.09142,0.09336,3.9711,3.5197,0.688,0.4002,1.5515,0.4505,1.7677,0.3849
3.2431,1.0935,1.4284,2.0182,0.5347,3.5233,0,0.6474,0.2589,0.4299,3.0873,0.1536,0.975,0.2858,0.1674,5.4204,4.0085,0.7633,0.7027,0.773,0.408,3.3451,1.2371
2.0787,0.4745,1.6719,0.2844,0.5852,1.9126,0.02175,0.3291,0.3649,0.4157,0,0.01016,0.1819,0.01305,0.1995,4.2393,3.2379,1.2956,0.4568,0.9641,0.5543,1.5711,0.8141
4.3709,0.6571,1.1932,1.5048,0.5614,3.4797,0,0.7236,0.1723,0.3042,2.5158,0.07151,0.4587,0.0112,0.4061,5.4913,3.7359,1.8609,0.6839,0.8173,0.8821,2.5477,1.4442
3.7247,1.175,1.4521,3.606,0.3102,2.0877,0,0.43,0.221,0.2626,4.299,0.4232,0.5456,0.3306,0.6814,5.3968,4.0222,1.7126,0.06274,1.4209,0.92,0.9304,1.5834
3.0683,0.8059,0.8084,1.0042,0.2714,2.1066,0.2201,0.5183,0.3275,0,2.4655,0.4778,0.494,0,0.01353,4.3007,3.8702,1.4062,0.3679,1.2743,0.6624,2.2588,0.4785
4.2099,0.7401,1.2078,1.7413,0.3004,3.4861,0,0.3236,0.2333,0.6211,2.6134,0.2368,0.4855,0.02274,0.2093,5.4653,4.0713,0.4156,0.2544,1.3872,0.2396,2.792,1.1288
4.0595,0.6843,0.8137,0.8398,0.3737,2.4007,0,1.2112,0.8893,1.0226,1.2975,0.8374,0.9598,0.1747,0.2036,5.357,4.822,2.0258,0.4683,0.5653,0.9898,1.2708,0.6968
4.175,0.675,0,1.0537,0.2999,2.9952,0.3502,0.306,0.3106,0.2795,1.1637,0.1348,0.498,0.002634,0.1812,6.7642,4.4865,1.7063,0.03211,0.873,1.0698,2.7835,0.4954
4.4812,0.8444,0.6394,2.2005,0.06025,3.213,0.2558,0.302,0.5761,0.6938,3.2954,0.6835,0.9374,0.47,0.9622,6.6097,4.4547,1.7043,0.8653,1.6675,0.7962,3.5301,0.876
3.2136,1.2066,1.6957,2.7961,1.5385,2.1034,0.3091,1.3016,0.479,0.6145,3.5574,0.5663,0.8308,0,0.228,6.095,4.9122,2.0185,0.1355,1.0425,1.3047,1.9966,1.5608
3.1359,1.8775,1.0333,0.6701,0.6156,5.2731,0.9611,1.2147,1.0203,1.1439,0.4658,2.1229,1.1405,0.5896,0.2035,6.4498,5.8744,1.9536,1.1083,2.4255,1.8524,5.2886,0.9664
4.3543,2.1877,1.0985,1.6626,0.3784,3.78,0.02406,0.7505,0.2699,0.6725,3.0522,0.5327,1.2498,0.1706,0.02544,6.9774,4.9117,0.9746,0.6547,2.9431,2.3504,4.3472,1.3419
4.2034,1.0211,3.5666,1.6026,1.6683,3.1885,0.4634,1.889,0.7336,1.0192,2.4741,1.7181,0.8884,1.0759,0.3804,6.3166,4.7139,1.4049,0.9329,2.2436,2.1163,2.83,2.5269
4.0161,0.329,0,2.5274,0.05907,1.1385,0.1654,0.1602,0.2469,0.7626,4.4939,1.0254,0.3367,0.2618,2.1201,3.8473,4.0976,1.518,0,0.3535,0.7289,1.22,1.3958
2.9737,1.8071,1.2774,0.2236,0.2072,3.7048,0.4832,0.5612,1.0258,0.2842,0.104,0.1887,0.8489,0,0.2537,6.0694,4.3266,1.8359,0.4878,1.6125,1.49,3.5564,0.6431
2.6699,0.6521,0.04244,0.5487,0.1555,3.3657,0.024,0.2793,0.5386,0.5119,0.9161,0.02076,0.8519,0.2232,0.1305,6.4903,4.3195,0.5404,0.539,0.6623,1.0095,3.162,0.1834
3.4438,1.0551,1.6172,1.7235,2.0435,2.5283,0.07285,1.7113,0.196,0.272,2.4202,0.6056,0.3951,0.1211,0.2984,6.5622,4.1539,1.258,0.6011,1.2242,1.5668,2.157,1.8441
2.7719,0.9526,0.5959,0.2737,0.07066,3.7926,0.05543,0.3474,0.5877,0.08125,1.0433,0.4761,0.4382,0,0.2292,4.6195,4.1631,1.8753,0.5917,1.3627,1.4397,4.3635,0.5404
3.2674,0.9258,0.4257,0.466,0.1438,2.844,0.05788,0.4123,0.2989,0.2025,0.6552,0.1626,0.8342,0.4697,0.2133,4.5241,3.2886,1.337,0.2399,1.0372,0.9636,3.0484,0.1916
2.8494,0.4969,0.4559,0.04748,0.1529,1.4957,0.02568,0.2517,0.4446,0.129,0.2473,0,0.2376,0.0805,0.1525,5.5243,3.9183,1.0873,0.6857,0.6445,0.3967,1.5113,0.07919
3.0618,0.1697,0.2412,0.2575,0.2221,1.4702,0.1699,0.2586,0.2396,0.252,0.6498,0,0.604,0,0.1171,3.8193,4.1427,0.4491,0.04803,0.5531,0.576,0.7999,0.4023
4.1762,2.8203,3.1197,6.4934,1.9143,5.4087,2.5181,1.3094,2.294,2.9584,7.3807,2.9168,1.9859,1.5314,5.2178,7.4525,6.2273,3.8609,2.421,3.3125,2.4769,5.3778,1.5623
2.3687,2.8915,1.0497,1.7358,0.1907,4.8066,1.2502,0.5922,1.172,0.8092,3.3683,1.6616,1.0319,0.4474,0.1373,5.5779,4.7345,2.1238,1.1921,2.6995,1.5244,4.5036,1.3277
3.3439,0.7471,0.4847,0,0.6481,4.3951,0.04103,2.9047,0.3601,0.0506,0.04932,0,0,0.2668,0.19,5.046,5.2138,1.4072,0.7789,0.0109,0.396,4.2169,0.6819
2.7715,1.9883,1.0395,0.7745,0.8541,5.3432,0.9015,0.3363,0.6998,0.21,0,0.5761,1.0904,0.1814,1.0572,6.7784,5.2424,2.7301,0.5736,2.3471,1.6445,5.0616,1.3934
1.9799,0.8338,0,1.2855,0.3647,1.9584,0,0.1027,0.1774,0.8066,1.683,0.3311,0.3791,0.005834,0.4923,4.968,3.5627,2.3493,0.3457,0.4886,1.1864,1.9181,0.2105
4.1513,1.1,1.7584,1.4771,0.5373,2.8009,0.1226,0.7137,0.2903,0.7127,2.4447,0.8757,0.7572,1.0882,0.5841,4.591,4.0676,2.0361,0.02507,1.8224,1.5633,3.1782,1.5185
3.5284,1.1943,0.514,2.0305,0.1272,2.8192,0,0.3248,0.5484,0.3876,2.8012,0.1802,0.3011,0.2063,1.0325,3.0234,3.9406,1.1696,0.06075,1.0744,0.339,1.972,0.8517
2.0922,0.2356,0.1274,1.7595,0.09419,2.7765,0.4891,0.9673,0.7005,2.1103,3.0417,0.442,0.4815,0.5486,0.4425,3.657,4.9024,1.6529,0.8119,0.8386,0.6534,1.1798,0.04064
1.6956,0.4842,0,3.251,0,1.6605,0,0.027,0.2941,0.04694,4.6005,0.01621,0.1049,0.23,0.0465,3.9556,3.2337,1.63,0.4895,0.267,0.1669,1.2816,0.1765
2.3166,0.9608,0.3513,0.8945,0.1344,1.848,0.3232,0.5777,0.5639,0.4347,0.6448,0.002502,0.8366,0.3766,0.4061,4.1256,4.2725,0.9376,0.09934,1.0295,0.6211,1.2612,1.5222
1.6628,1.3453,0.2502,2.9562,0.4067,3.1361,0.07814,0.03464,0.4471,0.9531,4.2166,0.3079,0.273,0.2392,2.0478,4.9196,4.3233,3.0013,0.9226,0.8215,0.6991,2.5007,0.2841
3.3913,1.0993,1.6679,1.3523,1.4542,1.9241,0.1733,1.2505,0.5101,0.1509,2.1132,0.5401,0.6414,0.6933,0.3525,6.3364,4.3589,2.9091,0.9437,0.92,1.0196,2.4981,1.3733
2.2439,1.5323,0.4317,1.5398,0.2446,3.6462,0.7336,0.1607,0.5456,0.4808,2.5482,2.048,0.9918,0.1546,0.0524,5.9311,5.538,0.6933,0.3857,2.2338,0.7715,4.1463,0.7462
2.3103,0.5344,1.1181,0.334,0.6147,2.4994,0,0.8272,0.1564,0.5764,0.519,0.06216,0.02451,0.1467,0.3349,5.0501,3.3944,1.9759,0.4214,0.7187,0.7958,2.0795,0.9297
3.6265,0.497,1.0556,1.1646,0.7714,2.0173,0.8261,0.5455,0.3269,0.4692,1.1151,0.1502,0.2154,0.6993,0.2797,5.7321,3.9169,2.4101,0.4755,0.5714,0.8186,2.5829,1.8526
1.5499,0.8843,0.6314,0.2108,0.3379,1.6665,0,0.1797,0.278,0.4246,0.7212,0,0.2711,0.05912,0.3743,1.808,3.3569,0.8266,0.5036,0.3874,0.2176,1.3044,1.1332
3.8928,1.0192,0.4912,0.4243,0.06596,3.1957,1.2785,0.7992,0.3176,0.0689,1.8426,1.3344,0.8983,0.06698,0,7.2354,5.3984,0.838,0.01542,1.2132,1.3126,4.0743,1.9595
3.7258,1.7337,3.6068,1.7324,1.0076,4.9707,1.3882,1.2882,1.4978,1.9194,0.6981,2.4962,2.013,2.5702,1.988,6.9533,5.8489,1.5231,1.8441,2.3917,1.9076,5.315,2.2708
2.238,1.1025,1.7767,0.5246,0.3886,4.2453,3.2609,1.4096,1.2999,0.2678,0.8526,1.8035,1.2027,2.0272,1.3646,7.4814,6.1489,1.4077,0.8653,1.2094,1.5187,4.0341,1.5809
4.1173,1.6451,1.196,1.5696,0.689,5.546,1.2041,0.9553,1.3969,0.7898,1.5111,2.4264,1.3599,1.3604,1.6986,6.7813,6.3157,1.7772,1.6194,1.7707,1.2434,5.4439,1.6841
2.3478,0.9113,1.011,2.0782,0.9399,3.4227,0.05559,0.1841,0.05218,0.2685,3.014,0.3509,0.2423,0.2108,0.2664,3.2842,3.1656,1.8839,0.6344,0.9789,0.9148,3.5594,0.7193
4.1261,0.1908,0,1.0256,0,5.0054,0.3893,0,0.1514,0.312,1.5185,0.7352,1.7536,0.5715,0.1102,7.6077,5.489,0.5358,0.04683,4.0199,0.08662,4.3541,0.3674
2.6201,1.2973,1.3076,1.669,0.08464,3.0324,0.07391,0.1266,0.6314,0.7121,2.2362,0.2713,0.7189,0.8502,0.5061,4.1891,3.5354,1.3744,0.3072,0.818,0.1423,3.209,0.9662
3.1215,0.7213,0.5077,0.9301,0.1981,2.646,0.02045,0.3409,0.149,0.5273,1.3756,0.4901,0.6467,0.2262,0.414,5.3868,4.4823,1.5052,0.3081,1.8519,0.8432,2.2859,0.6321
4.3652,1.9928,1.1138,2.9688,1.0355,2.8655,0.2892,1.8469,0.2939,0.2976,4.8714,1.0767,0.9122,0.2497,0.1555,5.8697,5.1316,0.7067,0.003239,2.2255,0.6138,4.7006,1.5593
2.2298,1.4152,0.1153,2.2851,0.2869,2.3517,0.0563,0.2645,0.09498,0.6109,3.2477,0.1182,0.3502,0,0.08871,3.6134,3.7592,1.3007,0.3728,0.995,0.9111,2.9514,0.5891
5.8824,2.1955,1.6492,4.7855,2.558,4.33,0.9012,2.7696,0.3872,1.0407,5.322,1.7552,0.8926,0.131,0,6.6415,4.6508,1.1192,0.5355,3.1949,1.5286,4.0017,2.9371
4.6507,0.4121,1.5267,0.3181,0.3561,3.4352,0,0.219,1.0923,0.9223,1.3252,0.2898,0.4107,0.1384,0.632,5.6305,4.3588,1.8535,1.8088,1.35,2.145,3.4254,2.0944
4.962,1.4577,0.09312,3.5274,0,3.6838,0,0,0.1627,0.4372,4.7172,0.7942,1.122,0,0.09719,6.0438,4.822,1.2912,0.4125,1.9704,1.0755,3.5414,1.2619
2.995,1.1134,0.23,1.8812,0.9057,2.3722,0.001849,0.6584,0.2467,0.7854,2.6984,0.2847,0.3069,0.3776,0.1303,5.5322,3.3299,0.5686,0.1231,1.36,1.1861,1.975,0.5018
3.6966,0.7722,1.5531,1.535,0.8934,4.5191,0.424,0.416,0.1709,0.8099,2.6029,0.5323,0.9083,0.4776,0.9257,5.7734,4.441,2.9719,0.5063,1.8013,1.8003,3.6724,1.8852
4.9033,0.181,0.03668,1.1293,0.3811,1.4788,0,0.54,0.0999,0.2688,2.1718,0.2516,0.2702,0.3635,0.1352,4.1385,3.879,1.5229,0,0.07138,0.4728,0.8203,1.3912
2.5327,1.1858,1.0293,1.568,1.0015,2.2281,0.5854,0.2998,0.7187,1.0549,2.1085,0.8757,0.8613,0.4742,0.5119,4.1065,3.9686,0.8543,0.614,2.3855,0.007705,1.1731,1.563
2.537,1.137,1.4143,0.8136,0.5313,0.8403,0.02585,0.3194,0.4823,0.5323,0.8449,0.4777,0.238,0.05954,0.6113,4.9955,2.8925,1.4113,1.0637,1.2075,1.8327,1.2564,1.1189
1.9739,0.425,0.02867,0.01673,0,3.5768,0,0,0,0.05201,0,0,0.6631,0,0.04168,6.8648,4.6377,0.2494,0.007735,0.5449,0.8521,3.7927,0.3741
4.4105,0.1999,0.08578,0,0.06454,2.4115,0,0,0.3292,0,0.1675,0.168,0.1913,0.5486,0.1503,5.7387,4.3885,0.7076,0.01622,0.9076,0.6665,2.2101,0.1873
5.1812,1.4793,2.941,2.5837,1.7201,4.4324,0.2427,3.4461,1.5507,1.4265,2.7097,1.6558,1.7104,0.9109,0.03409,6.7285,5.0969,2.4682,0.9072,2.1155,1.1019,4.4021,2.4806
4.2666,1.0772,1.9496,0.8854,0.9259,3.8206,0.7058,1.265,0.6286,0.4344,0.9762,0.0816,0.3303,0.1003,0.4148,6.6468,4.0263,1.3055,0.6806,1.8908,0.8313,4.0447,1.2997
3.0622,1.0587,1.3929,0.6637,0.08303,2.7288,0.5282,0.6323,0.8952,0.8192,0.3764,0.7225,0.6441,0.5715,0.8197,4.0307,3.5077,0.67,0,1.8601,0.4795,2.0667,1.2521
2.6725,0.4272,1.8421,0.09705,0.8777,3.8142,0.2808,0.4868,0.4922,0.6416,0.8026,0.7611,0.6993,0.3554,0.05898,6.2674,4.3584,1.6093,0.9695,1.4665,1.1542,3.9431,1.1847
3.9631,0.4566,1.6485,1.2785,0.8857,2.6233,0.2344,0.5477,0.1506,0.3815,1.3425,0.1943,0.415,0.3605,0.6667,5.0367,3.7608,3.3561,1.0759,1.3244,1.7314,2.732,0.9598
3.9975,1.7747,1.3733,3.1457,0.8222,3.5752,0.7502,0.4612,0.8678,0.2607,4.2844,1.3716,0.6655,0.1429,0.1878,6.6567,4.9275,3.237,0.5484,2.1649,1.4124,3.3499,0.7074
3.7232,1.0867,0.8178,0.6276,0.2076,3.7963,0.1057,0.5639,0.1484,0,1.6836,0.4732,0.7577,0.08034,0.1161,5.115,4.6765,1.3677,0.5322,1.0603,0.6974,3.4346,1.2291
3.4405,0.5336,0.1566,0.1341,0.05681,3.0109,0.03038,0.04566,0.04546,0.2094,0.3997,0.3849,0.4299,0,0.09208,4.7636,4.1269,1.1127,0.2384,1.1033,0.712,2.8569,0.8528
4.6678,1.5148,1.3457,1.2003,0.4888,2.6425,1.163,0.7341,0.6846,1.0122,1.683,0.3956,1.0034,0.2498,0.6723,5.1548,5.1185,1.249,0.5541,1.324,0.8411,2.6347,2.1597
3.4931,0.3154,0.03487,0.4738,0.07387,1.4987,0.002326,0.5471,0.2714,0.4944,1.3091,0.6737,0.8907,0.443,0.02147,4.303,3.4181,1.4162,0.2031,0.5188,0.477,1.6427,0.2363
4.6603,0.8519,0.5793,1.1403,0.5495,3.6217,1.3464,0.3857,0.5501,0.2506,1.5143,1.0682,0.5069,0.7796,0.3454,7.4369,5.0159,1.2268,0.7181,0.5798,0.7747,3.5634,0.8458
3.1346,0.3992,0.6199,0.9361,0.4433,1.7327,0.06187,1.3183,0.7207,0.3032,1.0812,0.3588,0.05788,0.1242,0,4.0004,3.7262,0.7273,0.2783,0.6884,0.008233,1.3378,0.8307
3.2913,0.065,0.706,0.5331,0,2.6212,0,0,0.1194,0.2972,0.9588,0.3181,0.1958,0.1439,0.2678,5.4626,3.3849,0.4746,0.2574,0.2892,0.3319,2.4369,0.9404
0.4375,2.4276,1.4463,0.03365,0.194,2.9569,0.1883,1.3765,0.8637,0.1633,0,0.09552,1.7715,0.8209,0.01988,1.0722,5.963,0.4277,0.9115,1.284,0.9487,0.233,1.8442
2.3024,1.31,1.8178,1.3659,0.9017,1.3083,0.7546,0.532,0.0939,0.3594,1.8358,0.6809,0.6149,0.1233,0.4771,3.9578,3.8161,1.7293,0.8126,1.457,1.1723,2.0667,1.3906
3.7607,0.7741,1.2506,2.9523,0.6819,2.4335,0.3853,0.394,0.9846,1.0335,3.8317,1.0667,0.3513,0.6148,1.9707,4.8909,3.5298,2.7048,1.0246,1.0123,1.1025,3.0344,0.9963
5.6352,1.2364,0.8811,2.07,0.07185,4.4759,0.7809,0.6875,0.708,0.862,3.0477,1.4922,0.6696,0.8487,1.3967,5.6275,4.05,2.3233,0.1739,0.9968,1.1986,3.6274,1.3319
4.5972,1.6441,0.5142,4.1904,0.242,3.6776,0.2364,0.1094,0.6898,0.6133,6.2069,0.5886,0.5136,0.1746,3.4382,5.0682,4.2388,2.9728,0.7236,0.6657,1.1354,2.8429,0.7113
3.9403,2.3048,2.4621,4.8064,0.981,2.4694,0.6315,2.28,1.9258,1.6994,6.3027,3.2376,1.5978,1.3292,3.138,5.6824,4.4884,3.6745,1.4692,3.2014,1.7524,2.8592,2.2778
2.3161,0.1118,0,0.04301,0.03998,1.6931,0,3.0902,0.3953,0.08222,0,0.06974,0.04209,0.2342,0.02117,2.1929,4.2563,1.5955,0.7984,0.3207,1.1268,0.02054,0.4616
